{"mPr@50.0": 22.43, "mPr@60.0": 20.97, "mPr@70.0": 18.47, "mPr@80.0": 16.94, "mPr@90.0": 12.33, "mIoU": 20.28, "data_time": 1.0374569472144632, "time": 2.1473879954394173}