{"mPr@50.0": 21.6, "mPr@60.0": 19.32, "mPr@70.0": 18.13, "mPr@80.0": 15.15, "mPr@90.0": 12.62, "mIoU": 19.7, "data_time": 1.0625456501455868, "time": 2.1681800169103287}