{"mPr@50.0": 16.09, "mPr@60.0": 14.07, "mPr@70.0": 12.53, "mPr@80.0": 12.53, "mPr@90.0": 10.23, "mIoU": 17.1, "data_time": 1.0316821687361772, "time": 2.037519693374634}