{"base_lr": 1.9613655770513682e-06, "lr": 1.9613655770513682e-06, "data_time": 0.0047027587890625, "loss": 3.1451040506362915, "decode.loss_ce": 3.1451040506362915, "decode.acc_seg": 1.4545272588729858, "time": 0.14830942153930665, "iter": 50, "memory": 2371, "step": 50}
{"base_lr": 3.962697798532355e-06, "lr": 3.962697798532355e-06, "data_time": 0.004757142066955567, "loss": 2.7727994561195373, "decode.loss_ce": 2.7727994561195373, "decode.acc_seg": 95.21553802490234, "time": 0.14621267318725586, "iter": 100, "memory": 1333, "step": 100}
{"base_lr": 5.964030020013346e-06, "lr": 5.964030020013346e-06, "data_time": 0.00456540584564209, "loss": 1.976665210723877, "decode.loss_ce": 1.976665210723877, "decode.acc_seg": 97.97554016113281, "time": 0.14342432022094725, "iter": 150, "memory": 1333, "step": 150}
{"base_lr": 7.965362241494336e-06, "lr": 7.965362241494336e-06, "data_time": 0.004628181457519531, "loss": 1.2586634039878846, "decode.loss_ce": 1.2586634039878846, "decode.acc_seg": 91.83872985839844, "time": 0.1430325984954834, "iter": 200, "memory": 1333, "step": 200}
{"base_lr": 9.96669446297533e-06, "lr": 9.96669446297533e-06, "data_time": 0.004697442054748535, "loss": 0.576424065232277, "decode.loss_ce": 0.576424065232277, "decode.acc_seg": 95.08055877685547, "time": 0.14302437305450438, "iter": 250, "memory": 1333, "step": 250}
{"base_lr": 1.1968026684456319e-05, "lr": 1.1968026684456319e-05, "data_time": 0.004699325561523438, "loss": 0.4023987054824829, "decode.loss_ce": 0.4023987054824829, "decode.acc_seg": 93.87446594238281, "time": 0.14342916011810303, "iter": 300, "memory": 1333, "step": 300}
{"base_lr": 1.3969358905937323e-05, "lr": 1.3969358905937323e-05, "data_time": 0.004638051986694336, "loss": 0.4067631021142006, "decode.loss_ce": 0.4067631021142006, "decode.acc_seg": 91.72439575195312, "time": 0.14717209339141846, "iter": 350, "memory": 1332, "step": 350}
{"base_lr": 1.597069112741831e-05, "lr": 1.597069112741831e-05, "data_time": 0.004852104187011719, "loss": 0.32988582998514177, "decode.loss_ce": 0.32988582998514177, "decode.acc_seg": 92.01954650878906, "time": 0.15204260349273682, "iter": 400, "memory": 1332, "step": 400}
{"base_lr": 1.797202334889931e-05, "lr": 1.797202334889931e-05, "data_time": 0.004938578605651856, "loss": 0.2304706856608391, "decode.loss_ce": 0.2304706856608391, "decode.acc_seg": 94.75898742675781, "time": 0.14961717128753663, "iter": 450, "memory": 1332, "step": 450}
{"base_lr": 1.9973355570380306e-05, "lr": 1.9973355570380306e-05, "data_time": 0.004693460464477539, "loss": 0.34643678590655325, "decode.loss_ce": 0.34643678590655325, "decode.acc_seg": 92.81253814697266, "time": 0.1418928623199463, "iter": 500, "memory": 1332, "step": 500}
{"base_lr": 2.1974687791861306e-05, "lr": 2.1974687791861306e-05, "data_time": 0.004674744606018066, "loss": 0.18948512971401216, "decode.loss_ce": 0.18948512971401216, "decode.acc_seg": 96.45230865478516, "time": 0.14224493503570557, "iter": 550, "memory": 1333, "step": 550}
{"base_lr": 2.3976020013342307e-05, "lr": 2.3976020013342307e-05, "data_time": 0.004523706436157226, "loss": 0.28097688853740693, "decode.loss_ce": 0.28097688853740693, "decode.acc_seg": 97.2421646118164, "time": 0.14183979034423827, "iter": 600, "memory": 1333, "step": 600}
{"base_lr": 2.597735223482329e-05, "lr": 2.597735223482329e-05, "data_time": 0.0047576904296875, "loss": 0.21040753722190858, "decode.loss_ce": 0.21040753722190858, "decode.acc_seg": 96.56009674072266, "time": 0.15055494308471679, "iter": 650, "memory": 1333, "step": 650}
{"base_lr": 2.797868445630428e-05, "lr": 2.797868445630428e-05, "data_time": 0.004589366912841797, "loss": 0.20214044600725173, "decode.loss_ce": 0.20214044600725173, "decode.acc_seg": 91.23477935791016, "time": 0.14210207462310792, "iter": 700, "memory": 1332, "step": 700}
{"base_lr": 2.99800166777853e-05, "lr": 2.99800166777853e-05, "data_time": 0.004539394378662109, "loss": 0.12861929088830948, "decode.loss_ce": 0.12861929088830948, "decode.acc_seg": 95.14208221435547, "time": 0.14147324562072755, "iter": 750, "memory": 1334, "step": 750}
{"base_lr": 3.1981348899266314e-05, "lr": 3.1981348899266314e-05, "data_time": 0.004638481140136719, "loss": 0.18197476640343666, "decode.loss_ce": 0.18197476640343666, "decode.acc_seg": 95.18952178955078, "time": 0.14209411144256592, "iter": 800, "memory": 1332, "step": 800}
{"base_lr": 3.398268112074729e-05, "lr": 3.398268112074729e-05, "data_time": 0.004895949363708496, "loss": 0.13919609114527703, "decode.loss_ce": 0.13919609114527703, "decode.acc_seg": 94.32327270507812, "time": 0.15252153873443602, "iter": 850, "memory": 1332, "step": 850}
{"base_lr": 3.5984013342228235e-05, "lr": 3.5984013342228235e-05, "data_time": 0.004556632041931153, "loss": 0.11560280099511147, "decode.loss_ce": 0.11560280099511147, "decode.acc_seg": 97.4573745727539, "time": 0.14266736507415773, "iter": 900, "memory": 1333, "step": 900}
{"base_lr": 3.7985345563709256e-05, "lr": 3.7985345563709256e-05, "data_time": 0.004637622833251953, "loss": 0.18860378563404084, "decode.loss_ce": 0.18860378563404084, "decode.acc_seg": 95.98245239257812, "time": 0.14482512474060058, "iter": 950, "memory": 1332, "step": 950}
{"base_lr": 3.998667778519025e-05, "lr": 3.998667778519025e-05, "data_time": 0.004572772979736328, "loss": 0.13876222260296345, "decode.loss_ce": 0.13876222260296345, "decode.acc_seg": 87.3281478881836, "time": 0.14302749633789064, "iter": 1000, "memory": 1332, "step": 1000}
{"aAcc": 97.06, "mIoU": 17.49, "mAcc": 25.39, "data_time": 0.004617756810681573, "time": 0.032966778196137525, "step": 1000}
{"base_lr": 4.198801000667124e-05, "lr": 4.198801000667124e-05, "data_time": 0.004526305198669434, "loss": 0.1413659743964672, "decode.loss_ce": 0.1413659743964672, "decode.acc_seg": 96.45156860351562, "time": 0.14480812549591066, "iter": 1050, "memory": 2265, "step": 1050}
{"base_lr": 4.398934222815225e-05, "lr": 4.398934222815225e-05, "data_time": 0.004502606391906738, "loss": 0.09374254792928696, "decode.loss_ce": 0.09374254792928696, "decode.acc_seg": 98.01889038085938, "time": 0.1439281702041626, "iter": 1100, "memory": 1333, "step": 1100}
{"base_lr": 4.599067444963324e-05, "lr": 4.599067444963324e-05, "data_time": 0.004563474655151367, "loss": 0.09590259157121181, "decode.loss_ce": 0.09590259157121181, "decode.acc_seg": 98.44532775878906, "time": 0.14425373077392578, "iter": 1150, "memory": 1333, "step": 1150}
{"base_lr": 4.7992006671114227e-05, "lr": 4.7992006671114227e-05, "data_time": 0.004491853713989258, "loss": 0.10037255063652992, "decode.loss_ce": 0.10037255063652992, "decode.acc_seg": 98.32172393798828, "time": 0.1439826250076294, "iter": 1200, "memory": 1332, "step": 1200}
{"base_lr": 4.999333889259521e-05, "lr": 4.999333889259521e-05, "data_time": 0.004597687721252441, "loss": 0.1284761056303978, "decode.loss_ce": 0.1284761056303978, "decode.acc_seg": 87.53421020507812, "time": 0.14378912448883058, "iter": 1250, "memory": 1332, "step": 1250}
{"base_lr": 5.199467111407618e-05, "lr": 5.199467111407618e-05, "data_time": 0.004512262344360351, "loss": 0.11074425224214793, "decode.loss_ce": 0.11074425224214793, "decode.acc_seg": 99.83978271484375, "time": 0.14441437721252443, "iter": 1300, "memory": 1333, "step": 1300}
{"base_lr": 5.399600333555716e-05, "lr": 5.399600333555716e-05, "data_time": 0.004628491401672363, "loss": 0.05390751305967569, "decode.loss_ce": 0.05390751305967569, "decode.acc_seg": 98.1513900756836, "time": 0.14416227340698243, "iter": 1350, "memory": 1332, "step": 1350}
{"base_lr": 5.599733555703817e-05, "lr": 5.599733555703817e-05, "data_time": 0.004713177680969238, "loss": 0.05021755304187536, "decode.loss_ce": 0.05021755304187536, "decode.acc_seg": 97.66712188720703, "time": 0.14442644119262696, "iter": 1400, "memory": 1332, "step": 1400}
{"base_lr": 5.799866777851912e-05, "lr": 5.799866777851912e-05, "data_time": 0.0045307397842407225, "loss": 0.06093285754323006, "decode.loss_ce": 0.06093285754323006,