{"base_lr": 1.9613655770513682e-06, "lr": 1.9613655770513682e-06, "data_time": 0.003375244140625, "loss": 3.059952235221863, "decode.loss_ce": 3.059952235221863, "decode.acc_seg": 17.77075958251953, "time": 0.09767737388610839, "iter": 50, "memory": 2002, "step": 50}
{"base_lr": 3.962697798532355e-06, "lr": 3.962697798532355e-06, "data_time": 0.003383970260620117, "loss": 2.8471357345581056, "decode.loss_ce": 2.8471357345581056, "decode.acc_seg": 85.91499328613281, "time": 0.09715592861175537, "iter": 100, "memory": 1028, "step": 100}
{"base_lr": 5.964030020013346e-06, "lr": 5.964030020013346e-06, "data_time": 0.0033775806427001954, "loss": 2.463284134864807, "decode.loss_ce": 2.463284134864807, "decode.acc_seg": 90.74095153808594, "time": 0.09519970417022705, "iter": 150, "memory": 1028, "step": 150}
{"base_lr": 7.965362241494336e-06, "lr": 7.965362241494336e-06, "data_time": 0.0032790422439575194, "loss": 1.4545534372329711, "decode.loss_ce": 1.4545534372329711, "decode.acc_seg": 95.00110626220703, "time": 0.09476046562194824, "iter": 200, "memory": 1028, "step": 200}
{"base_lr": 9.96669446297533e-06, "lr": 9.96669446297533e-06, "data_time": 0.0033308029174804687, "loss": 1.236213779449463, "decode.loss_ce": 1.236213779449463, "decode.acc_seg": 82.3446273803711, "time": 0.09490017890930176, "iter": 250, "memory": 1028, "step": 250}
{"base_lr": 1.1968026684456319e-05, "lr": 1.1968026684456319e-05, "data_time": 0.0032588481903076173, "loss": 0.6114407151937484, "decode.loss_ce": 0.6114407151937484, "decode.acc_seg": 94.93942260742188, "time": 0.09469161033630372, "iter": 300, "memory": 1028, "step": 300}
{"base_lr": 1.3969358905937323e-05, "lr": 1.3969358905937323e-05, "data_time": 0.00323944091796875, "loss": 0.41083911061286926, "decode.loss_ce": 0.41083911061286926, "decode.acc_seg": 91.05695343017578, "time": 0.09434916973114013, "iter": 350, "memory": 1028, "step": 350}
{"base_lr": 1.597069112741831e-05, "lr": 1.597069112741831e-05, "data_time": 0.0033776283264160155, "loss": 0.367423540353775, "decode.loss_ce": 0.367423540353775, "decode.acc_seg": 91.5820083618164, "time": 0.09489490985870361, "iter": 400, "memory": 1028, "step": 400}
{"base_lr": 1.797202334889931e-05, "lr": 1.797202334889931e-05, "data_time": 0.00335848331451416, "loss": 0.44325130730867385, "decode.loss_ce": 0.44325130730867385, "decode.acc_seg": 90.81401824951172, "time": 0.09461653232574463, "iter": 450, "memory": 1028, "step": 450}
{"base_lr": 1.9973355570380306e-05, "lr": 1.9973355570380306e-05, "data_time": 0.0033704757690429686, "loss": 0.22319308072328567, "decode.loss_ce": 0.22319308072328567, "decode.acc_seg": 95.81029510498047, "time": 0.0945387601852417, "iter": 500, "memory": 1028, "step": 500}
{"base_lr": 2.1974687791861306e-05, "lr": 2.1974687791861306e-05, "data_time": 0.003274393081665039, "loss": 0.2873560018837452, "decode.loss_ce": 0.2873560018837452, "decode.acc_seg": 97.77507019042969, "time": 0.09463214874267578, "iter": 550, "memory": 1028, "step": 550}
{"base_lr": 2.3976020013342307e-05, "lr": 2.3976020013342307e-05, "data_time": 0.003387713432312012, "loss": 0.2580423131585121, "decode.loss_ce": 0.2580423131585121, "decode.acc_seg": 95.3765640258789, "time": 0.09487044811248779, "iter": 600, "memory": 1028, "step": 600}
{"base_lr": 2.597735223482329e-05, "lr": 2.597735223482329e-05, "data_time": 0.003371715545654297, "loss": 0.290717127174139, "decode.loss_ce": 0.290717127174139, "decode.acc_seg": 92.7857894897461, "time": 0.09539542198181153, "iter": 650, "memory": 1028, "step": 650}
{"base_lr": 2.797868445630428e-05, "lr": 2.797868445630428e-05, "data_time": 0.0033393144607543946, "loss": 0.20486602708697318, "decode.loss_ce": 0.20486602708697318, "decode.acc_seg": 94.01542663574219, "time": 0.09513492584228515, "iter": 700, "memory": 1028, "step": 700}
{"base_lr": 2.99800166777853e-05, "lr": 2.99800166777853e-05, "data_time": 0.003306126594543457, "loss": 0.2100311726331711, "decode.loss_ce": 0.2100311726331711, "decode.acc_seg": 95.84008026123047, "time": 0.09505629539489746, "iter": 750, "memory": 1028, "step": 750}
{"base_lr": 3.1981348899266314e-05, "lr": 3.1981348899266314e-05, "data_time": 0.003234076499938965, "loss": 0.14340403899550438, "decode.loss_ce": 0.14340403899550438, "decode.acc_seg": 98.26998901367188, "time": 0.0952073335647583, "iter": 800, "memory": 1028, "step": 800}
{"base_lr": 3.398268112074729e-05, "lr": 3.398268112074729e-05, "data_time": 0.0033451318740844727, "loss": 0.15573033094406127, "decode.loss_ce": 0.15573033094406127, "decode.acc_seg": 96.74596405029297, "time": 0.09581029415130615, "iter": 850, "memory": 1028, "step": 850}
{"base_lr": 3.5984013342228235e-05, "lr": 3.5984013342228235e-05, "data_time": 0.0033973217010498046, "loss": 0.20023395344614983, "decode.loss_ce": 0.20023395344614983, "decode.acc_seg": 95.44583892822266, "time": 0.09566938877105713, "iter": 900, "memory": 1028, "step": 900}
{"base_lr": 3.7985345563709256e-05, "lr": 3.7985345563709256e-05, "data_time": 0.0033202409744262696, "loss": 0.17757215723395348, "decode.loss_ce": 0.17757215723395348, "decode.acc_seg": 88.27857971191406, "time": 0.09518895149230958, "iter": 950, "memory": 1028, "step": 950}
{"base_lr": 3.998667778519025e-05, "lr": 3.998667778519025e-05, "data_time": 0.003362560272216797, "loss": 0.1865019127726555, "decode.loss_ce": 0.1865019127726555, "decode.acc_seg": 93.70582580566406, "time": 0.0957270622253418, "iter": 1000, "memory": 1028, "step": 1000}
{"aAcc": 96.85, "mIoU": 17.32, "mAcc": 22.96, "data_time": 0.00823585740451155, "time": 0.04090797490087049, "step": 1000}
{"base_lr": 4.198801000667124e-05, "lr": 4.198801000667124e-05, "data_time": 0.0032882928848266602, "loss": 0.12722232043743134, "decode.loss_ce": 0.12722232043743134, "decode.acc_seg": 97.73502349853516, "time": 0.09483580589294434, "iter": 1050, "memory": 2259, "step": 1050}
{"base_lr": 4.398934222815225e-05, "lr": 4.398934222815225e-05, "data_time": 0.0033293247222900392, "loss": 0.14634831435978413, "decode.loss_ce": 0.14634831435978413, "decode.acc_seg": 95.07713317871094, "time": 0.09505133628845215, "iter": 1100, "memory": 1028, "step": 1100}
{"base_lr": 4.599067444963324e-05, "lr": 4.599067444963324e-05, "data_time": 0.003349781036376953, "loss": 0.13820965103805066, "decode.loss_ce": 0.13820965103805066, "decode.acc_seg": 91.99333190917969, "time": 0.0950631856918335, "iter": 1150, "memory": 1028, "step": 1150}
{"base_lr": 4.7992006671114227e-05, "lr": 4.7992006671114227e-05, "data_time": 0.0034006357192993162, "loss": 0.12350332364439964, "decode.loss_ce": 0.12350332364439964, "decode.acc_seg": 97.58644104003906, "time": 0.09526455402374268, "iter": 1200, "memory": 1028, "step": 1200}
{"base_lr": 4.999333889259521e-05, "lr": 4.999333889259521e-05, "data_time": 0.0034398794174194335, "loss": 0.09554368630051613, "decode.loss_ce": 0.09554368630051613, "decode.acc_seg": 96.70184326171875, "time": 0.09577600955963135, "iter": 1250, "memory": 1028, "step": 1250}
{"base_lr": 5.199467111407618e-05, "lr": 5.199467111407618e-05, "data_time": 0.003213381767272949, "loss": 0.11160563491284847, "decode.loss_ce": 0.11160563491284847, "decode.acc_seg": 92.4661636352539, "time": 0.09468004703521729, "iter": 1300, "memory": 1028, "step": 1300}
{"base_lr": 5.399600333555716e-05, "lr": 5.399600333555716e-05, "data_time": 0.003265857696533203, "loss": 0.13363996241241693, "decode.loss_ce": 0.13363996241241693, "decode.acc_seg": 97.31023406982422, "time": 0.09536166191101074, "iter": 1350, "memory": 1028, "step": 1350}
{"base_lr": 5.599733555703817e-05, "lr": 5.599733555703817e-05, "data_time": 0.0033202171325683594, "loss": 0.0645501472055912, "decode.loss_ce": 0.0645501472055912, "decode.acc_seg": 97.40428924560547, "time": 0.09514172077178955, "iter": 1400, "memory": 1028, "step": 1400}
{"base_lr": 5.799866777851912e-05, "lr": 5.799866777851912e-05, "data_time": 0.0033138275146484377, "loss": 0.04435306265950203, "decode.loss_ce": 0.04435306265950203,