{"lr": 0.0006470980653769185, "data_time": 0.0025554895401000977, "loss": 0.9446082502603531, "decode.loss_ce": 0.29618906006217005, "decode.acc_seg": 98.1516342163086, "aux_0.loss_ce": 0.3174797482788563, "aux_0.acc_seg": 98.1516342163086, "aux_1.loss_ce": 0.33093944042921064, "aux_1.acc_seg": 98.1516342163086, "time": 0.09519174098968505, "iter": 50, "memory": 2548, "step": 50}
{"lr": 0.0007971981320880594, "data_time": 0.0025795698165893555, "loss": 1.4557235658168792, "decode.loss_ce": 0.46012764871120454, "decode.acc_seg": 83.33816528320312, "aux_0.loss_ce": 0.4792300596833229, "aux_0.acc_seg": 83.33816528320312, "aux_1.loss_ce": 0.5163658827543258, "aux_1.acc_seg": 84.69200134277344, "time": 0.09552993774414062, "iter": 100, "memory": 814, "step": 100}
{"lr": 0.0009472981987992006, "data_time": 0.0025198698043823243, "loss": 0.9880296498537063, "decode.loss_ce": 0.3294071242213249, "decode.acc_seg": 83.16898345947266, "aux_0.loss_ce": 0.32211756706237793, "aux_0.acc_seg": 83.16898345947266, "aux_1.loss_ce": 0.3365049511194229, "aux_1.acc_seg": 83.11233520507812, "time": 0.09653120040893555, "iter": 150, "memory": 814, "step": 150}
{"lr": 0.0010973982655103425, "data_time": 0.002622556686401367, "loss": 0.654884397983551, "decode.loss_ce": 0.2183096557855606, "decode.acc_seg": 93.21126556396484, "aux_0.loss_ce": 0.2108350597321987, "aux_0.acc_seg": 93.75363159179688, "aux_1.loss_ce": 0.2257396772503853, "aux_1.acc_seg": 93.02799224853516, "time": 0.09603171348571778, "iter": 200, "memory": 814, "step": 200}
{"lr": 0.0012474983322214833, "data_time": 0.0025864839553833008, "loss": 0.7758133232593536, "decode.loss_ce": 0.27990314066410066, "decode.acc_seg": 95.77808380126953, "aux_0.loss_ce": 0.24486028999090195, "aux_0.acc_seg": 95.75824737548828, "aux_1.loss_ce": 0.2510498836636543, "aux_1.acc_seg": 95.73612213134766, "time": 0.09583761692047119, "iter": 250, "memory": 814, "step": 250}
{"lr": 0.0013975983989326238, "data_time": 0.0024982690811157227, "loss": 0.751712304353714, "decode.loss_ce": 0.25376902520656586, "decode.acc_seg": 96.43977355957031, "aux_0.loss_ce": 0.2332210548222065, "aux_0.acc_seg": 96.70166778564453, "aux_1.loss_ce": 0.2647222176194191, "aux_1.acc_seg": 96.44019317626953, "time": 0.0954176664352417, "iter": 300, "memory": 814, "step": 300}
{"lr": 0.001547698465643764, "data_time": 0.002558302879333496, "loss": 0.6710286557674408, "decode.loss_ce": 0.2310073122382164, "decode.acc_seg": 98.07793426513672, "aux_0.loss_ce": 0.22119659334421157, "aux_0.acc_seg": 98.37390899658203, "aux_1.loss_ce": 0.2188247799873352, "aux_1.acc_seg": 98.24214935302734, "time": 0.0953432559967041, "iter": 350, "memory": 814, "step": 350}
{"lr": 0.0016977985323549047, "data_time": 0.002686905860900879, "loss": 0.8518619328737259, "decode.loss_ce": 0.28785793855786324, "decode.acc_seg": 94.99673461914062, "aux_0.loss_ce": 0.2720128335058689, "aux_0.acc_seg": 95.22171783447266, "aux_1.loss_ce": 0.2919911593198776, "aux_1.acc_seg": 94.86095428466797, "time": 0.09797613620758057, "iter": 400, "memory": 814, "step": 400}
{"lr": 0.0018478985990660452, "data_time": 0.0026894569396972655, "loss": 0.5840426221489906, "decode.loss_ce": 0.20256429240107537, "decode.acc_seg": 96.08001708984375, "aux_0.loss_ce": 0.1885645017027855, "aux_0.acc_seg": 96.18701934814453, "aux_1.loss_ce": 0.19291384071111678, "aux_1.acc_seg": 96.19789123535156, "time": 0.10649685859680176, "iter": 450, "memory": 814, "step": 450}
{"lr": 0.0019979986657771864, "data_time": 0.0025954961776733397, "loss": 0.5818091720342636, "decode.loss_ce": 0.20503567904233932, "decode.acc_seg": 97.33348083496094, "aux_0.loss_ce": 0.17623669728636743, "aux_0.acc_seg": 97.30973052978516, "aux_1.loss_ce": 0.20053679794073104, "aux_1.acc_seg": 97.14567565917969, "time": 0.09721691608428955, "iter": 500, "memory": 814, "step": 500}
{"lr": 0.002148098732488328, "data_time": 0.0025970935821533203, "loss": 0.6414678722620011, "decode.loss_ce": 0.21834911778569221, "decode.acc_seg": 95.68876647949219, "aux_0.loss_ce": 0.20220582336187362, "aux_0.acc_seg": 96.65160369873047, "aux_1.loss_ce": 0.22091293558478356, "aux_1.acc_seg": 94.34121704101562, "time": 0.0998009443283081, "iter": 550, "memory": 814, "step": 550}
{"lr": 0.0022981987991994688, "data_time": 0.0025972604751586916, "loss": 0.6318811625242233, "decode.loss_ce": 0.225676491856575, "decode.acc_seg": 94.1212387084961, "aux_0.loss_ce": 0.1908087357878685, "aux_0.acc_seg": 94.11317443847656, "aux_1.loss_ce": 0.215395924448967, "aux_1.acc_seg": 94.11294555664062, "time": 0.09787802696228028, "iter": 600, "memory": 814, "step": 600}
{"lr": 0.002448298865910608, "data_time": 0.0025528430938720702, "loss": 0.5382823497056961, "decode.loss_ce": 0.18904407769441606, "decode.acc_seg": 95.23746490478516, "aux_0.loss_ce": 0.169552806019783, "aux_0.acc_seg": 96.08588409423828, "aux_1.loss_ce": 0.17968546599149704, "aux_1.acc_seg": 95.85311126708984, "time": 0.09966871738433838, "iter": 650, "memory": 814, "step": 650}
{"lr": 0.0025983989326217477, "data_time": 0.002556443214416504, "loss": 0.4944481670856476, "decode.loss_ce": 0.18483666256070136, "decode.acc_seg": 94.5108413696289, "aux_0.loss_ce": 0.15010848343372346, "aux_0.acc_seg": 95.33634185791016, "aux_1.loss_ce": 0.1595030128955841, "aux_1.acc_seg": 94.2422866821289, "time": 0.10162742137908935, "iter": 700, "memory": 814, "step": 700}
{"lr": 0.002748498999332886, "data_time": 0.0024974822998046877, "loss": 0.6363461554050446, "decode.loss_ce": 0.2380338929593563, "decode.acc_seg": 95.54023742675781, "aux_0.loss_ce": 0.1861184448003769, "aux_0.acc_seg": 97.25189208984375, "aux_1.loss_ce": 0.21219383776187897, "aux_1.acc_seg": 96.60625457763672, "time": 0.09732775688171387, "iter": 750, "memory": 814, "step": 750}
{"lr": 0.002898599066044028, "data_time": 0.0025408029556274413, "loss": 0.37810012698173523, "decode.loss_ce": 0.12864430546760558, "decode.acc_seg": 96.58470153808594, "aux_0.loss_ce": 0.12326696813106537, "aux_0.acc_seg": 94.22893524169922, "aux_1.loss_ce": 0.12618885859847068, "aux_1.acc_seg": 96.40159606933594, "time": 0.09831840991973877, "iter": 800, "memory": 814, "step": 800}
{"lr": 0.003048699132755169, "data_time": 0.002604174613952637, "loss": 0.4851218581199646, "decode.loss_ce": 0.17325870469212531, "decode.acc_seg": 85.60867309570312, "aux_0.loss_ce": 0.1493236765265465, "aux_0.acc_seg": 86.97357177734375, "aux_1.loss_ce": 0.16253947615623474, "aux_1.acc_seg": 85.65635681152344, "time": 0.10712893009185791, "iter": 850, "memory": 814, "step": 850}
{"lr": 0.003198799199466308, "data_time": 0.0026228666305541993, "loss": 0.4283514618873596, "decode.loss_ce": 0.15656880512833596, "decode.acc_seg": 93.53791809082031, "aux_0.loss_ce": 0.1322553850710392, "aux_0.acc_seg": 94.86634826660156, "aux_1.loss_ce": 0.13952727764844894, "aux_1.acc_seg": 94.33092498779297, "time": 0.10373048782348633, "iter": 900, "memory": 814, "step": 900}
{"lr": 0.0033488992661774466, "data_time": 0.0025213956832885742, "loss": 0.29435964226722716, "decode.loss_ce": 0.11040693148970604, "decode.acc_seg": 97.8118896484375, "aux_0.loss_ce": 0.0845116764307022, "aux_0.acc_seg": 97.91889190673828, "aux_1.loss_ce": 0.0994410403072834, "aux_1.acc_seg": 97.62248992919922, "time": 0.10405707359313965, "iter": 950, "memory": 814, "step": 950}
{"lr": 0.0034989993328885883, "data_time": 0.0026076316833496095, "loss": 0.35364071279764175, "decode.loss_ce": 0.1319174636155367, "decode.acc_seg": 95.04877471923828, "aux_0.loss_ce": 0.10236841961741447, "aux_0.acc_seg": 96.76771545410156, "aux_1.loss_ce": 0.11935483664274216, "aux_1.acc_seg": 96.61083984375, "time": 0.10657730102539062, "iter": 1000, "memory": 814, "step": 1000}
{"aAcc": 96.92, "mIoU": 16.82, "mAcc": 23.48, "data_time": 0.004828132432082604, "time": 0.03178062932244662, "step": 1000}
{"lr": 0.003649099399599732, "data_time": 0.002418231964111328, "loss": 0.3148787312209606, "decode.loss_ce": 0.11524944119155407, "decode.acc_seg": 96.96235656738281,