{"mPr@50.0": 92.24, "mPr@60.0": 90.32, "mPr@70.0": 83.97, "mPr@80.0": 77.4, "mPr@90.0": 55.43, "mIoU": 86.02, "data_time": 0.9895665926091811, "time": 2.6621323473313274}