{"mPr@50.0": 12.45, "mPr@60.0": 10.48, "mPr@70.0": 8.94, "mPr@80.0": 6.15, "mPr@90.0": 2.31, "mIoU": 11.57, "data_time": 1.0961819817038143, "time": 2.121599323609296}